{
    "accuracy": 0.9206666666666666,
    "auc": 0.9021592014549762
}